{
  "products": [
    {
      "id": 1,
      "name": "Product1",
      "description": "This is a wider product1 with supporting text below as a natuThis is a wider product1 with supporting text below as a natural lead-iThis is a wider product1 with supporting text below as a natural lead-iral lead-iThis is a wider product1 with supporting text below as a natural lead-i",
      "price": 100,
      "imageUrl": "https://images-na.ssl-images-amazon.com/images/I/61GfyFmPtwL._SX569_.jpg"
    },
    {
      "id": 2,
      "name": "Product2",
      "description": "This is a wider product1 with supporting text below as a natural lead-i",
      "price": 200,
      "imageUrl": "https://images-na.ssl-images-amazon.com/images/I/71gcOblCdcL._SL1000_.jpg"
    },
    {
      "id": 3,
      "name": "Product3",
      "description": "This is a wider product1 with supporting text below as a natural lead-i",
      "price": 300,
      "imageUrl": "https://images-na.ssl-images-amazon.com/images/I/61VASI018mL._SL1400_.jpg"
    },
    {
      "id": 4,
      "name": "Product4",
      "description": "This is a wider product1 with supporting text below as a natural lead-i",
      "price": 400,
      "imageUrl": "https://m.media-amazon.com/images/S/aplus-media/vc/05e64598-96bc-4180-bb70-ba765b63fb56.__CR0,0,300,300_PT0_SX300_V1___.jpg"
    },
    {
      "id": 5,
      "name": "Product5",
      "description": "This is a wider product1 with supporting text below as a natural lead-i",
      "price": 500,
      "imageUrl": "https://images-na.ssl-images-amazon.com/images/I/81VZdACfyWL._SX569_.jpg"
    },
    {
      "id": 6,
      "name": "Product6",
      "description": "This is a wider product1 with supporting text below as a natural lead-i",
      "price": 600,
      "imageUrl": "https://images-na.ssl-images-amazon.com/images/I/81CYiT-JbfL._SL1500_.jpg"
    },
    {
      "id": 7,
      "name": "Product7",
      "description": "This is a wider product1 with supporting text below as a natural lead-i",
      "price": 600,
      "imageUrl": "https://images-na.ssl-images-amazon.com/images/I/61GK-Y4nV-L._SX569_.jpg"
    },
    {
      "id": 8,
      "name": "Product8",
      "description": "This is a wider product1 with supporting text below as a natural lead-i",
      "price": 600,
      "imageUrl": "https://images-na.ssl-images-amazon.com/images/I/61T8%2Bu9yJQL._SL1000_.jpg"
    },
    {
      "id": 9,
      "name": "Product9",
      "description": "This is a wider product1 with supporting text below as a natural lead-i",
      "price": 600,
      "imageUrl": "https://images-na.ssl-images-amazon.com/images/I/81UDgfHYTRL._SX425_.jpg"
    },
    {
      "id": 10,
      "name": "Product10",
      "description": "This is a wider product1 with supporting text below as a natural lead-i",
      "price": 600,
      "imageUrl": "https://images-na.ssl-images-amazon.com/images/I/51d-iwD%2B2vL._SX425_.jpg"
    },
    {
      "id": 11,
      "name": "Product11",
      "description": "This is a wider product1 with supporting text below as a natural lead-i",
      "price": 600,
      "imageUrl": "https://images-na.ssl-images-amazon.com/images/I/81CYiT-JbfL._SL1500_.jpg"
    },
    {
      "id": 12,
      "name": "Product12",
      "description": "This is a wider product1 with supporting text below as a natural lead-i",
      "price": 600,
      "imageUrl": "https://images-na.ssl-images-amazon.com/images/I/51bkuybdenL.jpg"
    },
    {
      "id": 13,
      "name": "Product13",
      "description": "This is a wider product1 with supporting text below as a natural lead-i",
      "price": 600,
      "imageUrl": "https://cdn.shopify.com/s/files/1/1337/0877/products/40070763-Front_1024x1024.png?v=1577094259"
    },
    {
      "id": 14,
      "name": "Product14",
      "description": "This is a wider product1 with supporting text below as a natural lead-i",
      "price": 600,
      "imageUrl": "https://images-na.ssl-images-amazon.com/images/I/51TH5xE%2B2sL.jpg"
    },
    {
      "id": 15,
      "name": "Product15",
      "description": "This is a wider product1 with supporting text below as a natural lead-i",
      "price": 600,
      "imageUrl": "https://images-na.ssl-images-amazon.com/images/I/31TvhrkG8IL.jpg"
    },
    {
      "id": 16,
      "name": "Product16",
      "description": "This is a wider product1 with supporting text below as a natural lead-i",
      "price": 600,
      "imageUrl": "https://www.morningbag.com/api/public/product/rajdhani-sooji/1577345279437.png"
    },
    {
      "id": 17,
      "name": "Product17",
      "description": "This is a wider product1 with supporting text below as a natural lead-i",
      "price": 600,
      "imageUrl": "https://images-na.ssl-images-amazon.com/images/I/812YIH07y2L._SL1500_.jpg"
    },
    {
      "id": 18,
      "name": "Product18",
      "description": "This is a wider product1 with supporting text below as a natural lead-i",
      "price": 600,
      "imageUrl": "https://encrypted-tbn0.gstatic.com/images?q=tbn%3AANd9GcS4pc8E9GQ4NyvgOWTivoi8uIE5j9G0rG4IbI9YhJBWj6hP4GCL&usqp=CAU"
    }
  ],
  "wishlist": [
    {
      "id": 4
    }
  ],
  "carts": [
    {
      "productItem": {
        "id": 1,
        "name": "Product1",
        "description": "This is a wider product1 with supporting text below as a natuThis is a wider product1 with supporting text below as a natural lead-iThis is a wider product1 with supporting text below as a natural lead-iral lead-iThis is a wider product1 with supporting text below as a natural lead-i",
        "price": 100,
        "imageUrl": "https://images-na.ssl-images-amazon.com/images/I/61GfyFmPtwL._SX569_.jpg"
      },
      "id": 1
    },
    {
      "productItem": {
        "id": 5,
        "name": "Product5",
        "description": "This is a wider product1 with supporting text below as a natural lead-i",
        "price": 500,
        "imageUrl": "https://images-na.ssl-images-amazon.com/images/I/81VZdACfyWL._SX569_.jpg"
      },
      "id": 2
    },
    {
      "productItem": {
        "id": 3,
        "name": "Product3",
        "description": "This is a wider product1 with supporting text below as a natural lead-i",
        "price": 300,
        "imageUrl": "https://images-na.ssl-images-amazon.com/images/I/61VASI018mL._SL1400_.jpg"
      },
      "id": 3
    },
    {
      "productItem": {
        "id": 1,
        "name": "Product1",
        "description": "This is a wider product1 with supporting text below as a natuThis is a wider product1 with supporting text below as a natural lead-iThis is a wider product1 with supporting text below as a natural lead-iral lead-iThis is a wider product1 with supporting text below as a natural lead-i",
        "price": 100,
        "imageUrl": "https://images-na.ssl-images-amazon.com/images/I/61GfyFmPtwL._SX569_.jpg"
      },
      "id": 4
    },
    {
      "productItem": {
        "id": 11,
        "name": "Product11",
        "description": "This is a wider product1 with supporting text below as a natural lead-i",
        "price": 600,
        "imageUrl": "https://images-na.ssl-images-amazon.com/images/I/81CYiT-JbfL._SL1500_.jpg"
      },
      "id": 5
    },
    {
      "productItem": {
        "id": 6,
        "name": "Product6",
        "description": "This is a wider product1 with supporting text below as a natural lead-i",
        "price": 600,
        "imageUrl": "https://images-na.ssl-images-amazon.com/images/I/81CYiT-JbfL._SL1500_.jpg"
      },
      "id": 6
    }
  ]
}