
{
  "header": {
    "reportVersion": 1,
    "event": "Allocation failed - JavaScript heap out of memory",
    "trigger": "FatalError",
    "filename": "report.20200629.002022.5988.0.001.json",
    "dumpEventTime": "2020-06-29T00:20:22Z",
    "dumpEventTimeStamp": "1593370222609",
    "processId": 5988,
    "cwd": "G:\\priti\\js-tutorial\\angular\\angular-eCart",
    "commandLine": [
      "C:\\Program Files (x86)\\nodejs\\node.exe",
      "G:\\priti\\js-tutorial\\angular\\angular-eCart\\node_modules\\@ngtools\\webpack\\src\\type_checker_worker.js",
      "9d93e901-158a-4cf9-ba1b-2f0582ffcfeb"
    ],
    "nodejsVersion": "v12.14.1",
    "wordSize": 32,
    "arch": "ia32",
    "platform": "win32",
    "componentVersions": {
      "node": "12.14.1",
      "v8": "7.7.299.13-node.16",
      "uv": "1.33.1",
      "zlib": "1.2.11",
      "brotli": "1.0.7",
      "ares": "1.15.0",
      "modules": "72",
      "nghttp2": "1.40.0",
      "napi": "5",
      "llhttp": "2.0.1",
      "http_parser": "2.8.0",
      "openssl": "1.1.1d",
      "cldr": "35.1",
      "icu": "64.2",
      "tz": "2019c",
      "unicode": "12.1"
    },
    "release": {
      "name": "node",
      "lts": "Erbium",
      "headersUrl": "https://nodejs.org/download/release/v12.14.1/node-v12.14.1-headers.tar.gz",
      "sourceUrl": "https://nodejs.org/download/release/v12.14.1/node-v12.14.1.tar.gz",
      "libUrl": "https://nodejs.org/download/release/v12.14.1/win-x86/node.lib"
    },
    "osName": "Windows_NT",
    "osRelease": "6.3.9600",
    "osVersion": "Windows 8.1 Single Language",
    "osMachine": "i686",
    "cpus": [
      {
        "model": "Intel(R) Core(TM) i5-5200U CPU @ 2.20GHz",
        "speed": 2195,
        "user": 49005390,
        "nice": 0,
        "sys": 16668718,
        "idle": 95484546,
        "irq": 1326437
      },
      {
        "model": "Intel(R) Core(TM) i5-5200U CPU @ 2.20GHz",
        "speed": 2195,
        "user": 47749406,
        "nice": 0,
        "sys": 15488718,
        "idle": 97920234,
        "irq": 1444312
      },
      {
        "model": "Intel(R) Core(TM) i5-5200U CPU @ 2.20GHz",
        "speed": 2195,
        "user": 53286781,
        "nice": 0,
        "sys": 14164421,
        "idle": 93707140,
        "irq": 359984
      },
      {
        "model": "Intel(R) Core(TM) i5-5200U CPU @ 2.20GHz",
        "speed": 2195,
        "user": 56905093,
        "nice": 0,
        "sys": 12939687,
        "idle": 91313562,
        "irq": 309890
      }
    ],
    "networkInterfaces": [
      {
        "name": "Wi-Fi",
        "internal": false,
        "mac": "e4:f8:9c:28:57:1c",
        "address": "fe80::d4f:3f5e:52b3:259",
        "netmask": "ffff:ffff:ffff:ffff::",
        "family": "IPv6",
        "scopeid": 4
      },
      {
        "name": "Wi-Fi",
        "internal": false,
        "mac": "e4:f8:9c:28:57:1c",
        "address": "192.168.1.11",
        "netmask": "255.255.255.0",
        "family": "IPv4"
      },
      {
        "name": "Loopback Pseudo-Interface 1",
        "internal": true,
        "mac": "00:00:00:00:00:00",
        "address": "::1",
        "netmask": "ffff:ffff:ffff:ffff:ffff:ffff:ffff:ffff",
        "family": "IPv6",
        "scopeid": 0
      },
      {
        "name": "Loopback Pseudo-Interface 1",
        "internal": true,
        "mac": "00:00:00:00:00:00",
        "address": "127.0.0.1",
        "netmask": "255.0.0.0",
        "family": "IPv4"
      }
    ],
    "host": "user"
  },
  "javascriptStack": {
    "message": "No stack.",
    "stack": [
      "Unavailable."
    ]
  },
  "nativeStack": [
    {
      "pc": "0x01e85b98",
      "symbol": "std::basic_streambuf<char,std::char_traits<char> >::`vftable'+64"
    }
  ],
  "javascriptHeap": {
    "totalMemory": 1077080064,
    "totalCommittedMemory": 1077080064,
    "usedMemory": 1050778724,
    "availableMemory": 31917576,
    "memoryLimit": 1098907648,
    "heapSpaces": {
      "read_only_space": {
        "memorySize": 262144,
        "committedMemory": 262144,
        "capacity": 262008,
        "used": 22100,
        "available": 239908
      },
      "new_space": {
        "memorySize": 2097152,
        "committedMemory": 2097152,
        "capacity": 1048032,
        "used": 170452,
        "available": 877580
      },
      "old_space": {
        "memorySize": 993337344,
        "committedMemory": 993337344,
        "capacity": 984289384,
        "used": 976364912,
        "available": 7924472
      },
      "code_space": {
        "memorySize": 4358144,
        "committedMemory": 4358144,
        "capacity": 3691392,
        "used": 3691392,
        "available": 0
      },
      "map_space": {
        "memorySize": 6557696,
        "committedMemory": 6557696,
        "capacity": 519480,
        "used": 519480,
        "available": 0
      },
      "large_object_space": {
        "memorySize": 70119424,
        "committedMemory": 70119424,
        "capacity": 69723572,
        "used": 69723572,
        "available": 0
      },
      "code_large_object_space": {
        "memorySize": 348160,
        "committedMemory": 348160,
        "capacity": 286816,
        "used": 286816,
        "available": 0
      },
      "new_large_object_space": {
        "memorySize": 0,
        "committedMemory": 0,
        "capacity": 1048032,
        "used": 0,
        "available": 1048032
      }
    }
  },
  "resourceUsage": {
    "userCpuSeconds": 1121.55,
    "kernelCpuSeconds": 41.171,
    "cpuConsumptionPercent": 7.67369,
    "maxRss": 1186889728,
    "pageFaults": {
      "IORequired": 1078373,
      "IONotRequired": 0
    },
    "fsActivity": {
      "reads": 17581,
      "writes": 10
    }
  },
  "libuv": [
  ],
  "environmentVariables": {
    "=C:": "C:\\",
    "ALLUSERSPROFILE": "C:\\ProgramData",
    "APPDATA": "C:\\Users\\ANIL KUMAR\\AppData\\Roaming",
    "BROWSERSLIST_IGNORE_OLD_DATA": "1",
    "COLORTERM": "truecolor",
    "CommonProgramFiles": "C:\\Program Files (x86)\\Common Files",
    "CommonProgramFiles(x86)": "C:\\Program Files (x86)\\Common Files",
    "CommonProgramW6432": "C:\\Program Files\\Common Files",
    "COMPUTERNAME": "USER",
    "ComSpec": "C:\\Windows\\system32\\cmd.exe",
    "dp0": "G:\\priti\\js-tutorial\\angular\\angular-eCart\\node_modules\\.bin\\",
    "FP_NO_HOST_CHECK": "NO",
    "GIT_ASKPASS": "c:\\Users\\ANIL KUMAR\\AppData\\Local\\Programs\\Microsoft VS Code\\resources\\app\\extensions\\git\\dist\\askpass.sh",
    "HOME": "C:\\Users\\ANIL KUMAR",
    "HOMEDRIVE": "C:",
    "HOMEPATH": "\\Users\\ANIL KUMAR",
    "INIT_CWD": "G:\\priti\\js-tutorial\\angular\\angular-eCart",
    "JAVA_HOME": "C:\\Program Files\\Java\\jdk-10.0.2",
    "LANG": "en_US.UTF-8",
    "LOCALAPPDATA": "C:\\Users\\ANIL KUMAR\\AppData\\Local",
    "LOGONSERVER": "\\\\USER",
    "M2_HOME": "C:\\Users\\ANIL KUMAR\\Desktop\\priti\\softare\\apache-maven\\apache-maven-3.5.4",
    "MAVEN_HOME": "C:\\Users\\ANIL KUMAR\\Desktop\\priti\\softare\\apache-maven\\apache-maven-3.5.4",
    "NODE": "C:\\Program Files (x86)\\nodejs\\node.exe",
    "NODE_EXE": "C:\\Program Files (x86)\\nodejs\\\\node.exe",
    "NPM_CLI_JS": "C:\\Program Files (x86)\\nodejs\\\\node_modules\\npm\\bin\\npm-cli.js",
    "npm_config_access": "",
    "npm_config_allow_same_version": "",
    "npm_config_also": "",
    "npm_config_always_auth": "",
    "npm_config_argv": "{\"remain\":[],\"cooked\":[\"start\"],\"original\":[\"start\"]}",
    "npm_config_audit": "true",
    "npm_config_audit_level": "low",
    "npm_config_auth_type": "legacy",
    "npm_config_before": "",
    "npm_config_bin_links": "true",
    "npm_config_browser": "",
    "npm_config_ca": "",
    "npm_config_cache": "C:\\Users\\ANIL KUMAR\\AppData\\Roaming\\npm-cache",
    "npm_config_cache_lock_retries": "10",
    "npm_config_cache_lock_stale": "60000",
    "npm_config_cache_lock_wait": "10000",
    "npm_config_cache_max": "Infinity",
    "npm_config_cache_min": "10",
    "npm_config_cafile": "",
    "npm_config_cert": "",
    "npm_config_cidr": "",
    "npm_config_color": "true",
    "npm_config_commit_hooks": "true",
    "npm_config_depth": "Infinity",
    "npm_config_description": "true",
    "npm_config_dev": "",
    "npm_config_dry_run": "",
    "npm_config_editor": "notepad.exe",
    "npm_config_engine_strict": "",
    "npm_config_fetch_retries": "2",
    "npm_config_fetch_retry_factor": "10",
    "npm_config_fetch_retry_maxtimeout": "60000",
    "npm_config_fetch_retry_mintimeout": "10000",
    "npm_config_force": "",
    "npm_config_format_package_lock": "true",
    "npm_config_fund": "true",
    "npm_config_git": "git",
    "npm_config_git_tag_version": "true",
    "npm_config_global": "",
    "npm_config_globalconfig": "C:\\Users\\ANIL KUMAR\\AppData\\Roaming\\npm\\etc\\npmrc",
    "npm_config_globalignorefile": "C:\\Users\\ANIL KUMAR\\AppData\\Roaming\\npm\\etc\\npmignore",
    "npm_config_global_style": "",
    "npm_config_group": "",
    "npm_config_ham_it_up": "",
    "npm_config_heading": "npm",
    "npm_config_https_proxy": "",
    "npm_config_if_present": "",
    "npm_config_ignore_prepublish": "",
    "npm_config_ignore_scripts": "",
    "npm_config_init_author_email": "",
    "npm_config_init_author_name": "",
    "npm_config_init_author_url": "",
    "npm_config_init_license": "ISC",
    "npm_config_init_module": "C:\\Users\\ANIL KUMAR\\.npm-init.js",
    "npm_config_init_version": "1.0.0",
    "npm_config_json": "",
    "npm_config_key": "",
    "npm_config_legacy_bundling": "",
    "npm_config_link": "",
    "npm_config_local_address": "",
    "npm_config_loglevel": "notice",
    "npm_config_logs_max": "10",
    "npm_config_long": "",
    "npm_config_maxsockets": "50",
    "npm_config_message": "%s",
    "npm_config_metrics_registry": "https://registry.npmjs.org/",
    "npm_config_node_gyp": "C:\\Program Files (x86)\\nodejs\\node_modules\\npm\\node_modules\\node-gyp\\bin\\node-gyp.js",
    "npm_config_node_options": "",
    "npm_config_node_version": "12.14.1",
    "npm_config_noproxy": "",
    "npm_config_offline": "",
    "npm_config_onload_script": "",
    "npm_config_only": "",
    "npm_config_optional": "true",
    "npm_config_otp": "",
    "npm_config_package_lock": "true",
    "npm_config_package_lock_only": "",
    "npm_config_parseable": "",
    "npm_config_prefer_offline": "",
    "npm_config_prefer_online": "",
    "npm_config_prefix": "C:\\Users\\ANIL KUMAR\\AppData\\Roaming\\npm",
    "npm_config_preid": "",
    "npm_config_production": "",
    "npm_config_progress": "true",
    "npm_config_proxy": "",
    "npm_config_read_only": "",
    "npm_config_rebuild_bundle": "true",
    "npm_config_registry": "https://registry.npmjs.org/",
    "npm_config_rollback": "true",
    "npm_config_save": "true",
    "npm_config_save_bundle": "",
    "npm_config_save_dev": "",
    "npm_config_save_exact": "",
    "npm_config_save_optional": "",
    "npm_config_save_prefix": "^",
    "npm_config_save_prod": "",
    "npm_config_scope": "",
    "npm_config_scripts_prepend_node_path": "warn-only",
    "npm_config_script_shell": "",
    "npm_config_searchexclude": "",
    "npm_config_searchlimit": "20",
    "npm_config_searchopts": "",
    "npm_config_searchstaleness": "900",
    "npm_config_send_metrics": "",
    "npm_config_shell": "C:\\Windows\\system32\\cmd.exe",
    "npm_config_shrinkwrap": "true",
    "npm_config_sign_git_commit": "",
    "npm_config_sign_git_tag": "",
    "npm_config_sso_poll_frequency": "500",
    "npm_config_sso_type": "oauth",
    "npm_config_strict_ssl": "true",
    "npm_config_tag": "latest",
    "npm_config_tag_version_prefix": "v",
    "npm_config_timing": "",
    "npm_config_tmp": "C:\\PROGRA~1\\Java\\JRE18~1.0_1\\bin",
    "npm_config_umask": "0000",
    "npm_config_unicode": "",
    "npm_config_unsafe_perm": "true",
    "npm_config_update_notifier": "true",
    "npm_config_usage": "",
    "npm_config_user": "",
    "npm_config_userconfig": "C:\\Users\\ANIL KUMAR\\.npmrc",
    "npm_config_user_agent": "npm/6.13.4 node/v12.14.1 win32 ia32",
    "npm_config_version": "",
    "npm_config_versions": "",
    "npm_config_viewer": "browser",
    "npm_execpath": "C:\\Program Files (x86)\\nodejs\\node_modules\\npm\\bin\\npm-cli.js",
    "npm_lifecycle_event": "start",
    "npm_lifecycle_script": "ng serve",
    "npm_node_execpath": "C:\\Program Files (x86)\\nodejs\\node.exe",
    "npm_package_dependencies_angularfire2": "^5.4.2",
    "npm_package_dependencies_angular_material_icons": "^0.7.1",
    "npm_package_dependencies_bootstrap": "^5.0.0-alpha1",
    "npm_package_dependencies_concurrently": "^5.2.0",
    "npm_package_dependencies_firebase": "^7.15.5",
    "npm_package_dependencies_rxjs": "~6.5.5",
    "npm_package_dependencies_tslib": "^2.0.0",
    "npm_package_dependencies_zone_js": "~0.10.3",
    "npm_package_dependencies__angular_animations": "~10.0.0-rc.6",
    "npm_package_dependencies__angular_common": "~10.0.0-rc.6",
    "npm_package_dependencies__angular_compiler": "~10.0.0-rc.6",
    "npm_package_dependencies__angular_core": "~10.0.0-rc.6",
    "npm_package_dependencies__angular_forms": "~10.0.0-rc.6",
    "npm_package_dependencies__angular_localize": "^9.1.11",
    "npm_package_dependencies__angular_platform_browser": "~10.0.0-rc.6",
    "npm_package_dependencies__angular_platform_browser_dynamic": "~10.0.0-rc.6",
    "npm_package_dependencies__angular_router": "~10.0.0-rc.6",
    "npm_package_dependencies__fortawesome_angular_fontawesome": "^0.6.1",
    "npm_package_dependencies__ng_bootstrap_ng_bootstrap": "^6.1.0",
    "npm_package_description": "This project was generated with [Angular CLI](https://github.com/angular/angular-cli) version 8.3.21.",
    "npm_package_devDependencies_codelyzer": "^5.1.2",
    "npm_package_devDependencies_jasmine_core": "~3.5.0",
    "npm_package_devDependencies_jasmine_spec_reporter": "~5.0.0",
    "npm_package_devDependencies_karma": "~5.0.0",
    "npm_package_devDependencies_karma_chrome_launcher": "~3.1.0",
    "npm_package_devDependencies_karma_coverage_istanbul_reporter": "~3.0.2",
    "npm_package_devDependencies_karma_jasmine": "~3.3.0",
    "npm_package_devDependencies_karma_jasmine_html_reporter": "^1.5.0",
    "npm_package_devDependencies_protractor": "~7.0.0",
    "npm_package_devDependencies_tslint": "~6.1.0",
    "npm_package_devDependencies_ts_node": "~7.0.0",
    "npm_package_devDependencies_typescript": "^3.9.5",
    "npm_package_devDependencies__angular_cli": "~10.0.0-rc.5",
    "npm_package_devDependencies__angular_compiler_cli": "~10.0.0-rc.6",
    "npm_package_devDependencies__angular_devkit_build_angular": "~0.1000.0-rc.5",
    "npm_package_devDependencies__angular_language_service": "~10.0.0-rc.6",
    "npm_package_devDependencies__types_jasmine": "~3.3.8",
    "npm_package_devDependencies__types_jasminewd2": "~2.0.3",
    "npm_package_devDependencies__types_node": "^12.11.1",
    "npm_package_gitHead": "a53d1d5c25ac25ad44afd71c4410c0d750053512",
    "npm_package_name": "angular-e-cart",
    "npm_package_private": "true",
    "npm_package_readmeFilename": "README.md",
    "npm_package_scripts_build": "ng build",
    "npm_package_scripts_e2e": "ng e2e",
    "npm_package_scripts_lint": "ng lint",
    "npm_package_scripts_ng": "ng",
    "npm_package_scripts_start": "ng serve",
    "npm_package_scripts_test": "ng test",
    "npm_package_version": "0.0.0",
    "NPM_PREFIX_NPM_CLI_JS": "C:\\Users\\ANIL KUMAR\\AppData\\Roaming\\npm\\node_modules\\npm\\bin\\npm-cli.js",
    "NUMBER_OF_PROCESSORS": "4",
    "OnlineServices": "Online Services",
    "ORIGINAL_XDG_CURRENT_DESKTOP": "undefined",
    "OS": "Windows_NT",
    "Path": "C:\\Program Files (x86)\\nodejs\\node_modules\\npm\\node_modules\\npm-lifecycle\\node-gyp-bin;G:\\priti\\js-tutorial\\angular\\angular-eCart\\node_modules\\.bin;C:\\Program Files\\Java\\jdk1.8.0_191\\bin;C:\\oraclexe\\app\\oracle\\product\\10.2.0\\server\\bin;C:\\ProgramData\\Oracle\\Java\\javapath;C:\\Program Files (x86)\\NVIDIA Corporation\\PhysX\\Common;C:\\Program Files (x86)\\Intel\\iCLS Client\\;C:\\Program Files\\Intel\\iCLS Client\\;C:\\Windows\\system32;C:\\Windows;C:\\Windows\\System32\\Wbem;C:\\Windows\\System32\\WindowsPowerShell\\v1.0\\;C:\\Program Files\\Hewlett-Packard\\SimplePass\\;C:\\Program Files\\Intel\\Intel(R) Management Engine Components\\DAL;C:\\Program Files (x86)\\Intel\\Intel(R) Management Engine Components\\DAL;C:\\Program Files\\Intel\\Intel(R) Management Engine Components\\IPT;C:\\Program Files (x86)\\Intel\\Intel(R) Management Engine Components\\IPT;c:\\Program Files\\Intel\\WiFi\\bin\\;c:\\Program Files\\Common Files\\Intel\\WirelessCommon\\;C:\\Users\\ANIL KUMAR\\Desktop\\priti\\softare\\apache-maven\\apache-maven-3.5.4\\bin;C:\\Program Files (x86)\\Git\\cmd;C:\\Program Files (x86)\\Yarn\\bin\\;C:\\Program Files (x86)\\QuickTime\\QTSystem\\;C:\\Program Files (x86)\\nodejs\\;C:\\Program Files\\Java\\jdk-10.0.2\\bin;C:\\Users\\ANIL KUMAR\\AppData\\Local\\Programs\\Microsoft VS Code\\bin;C:\\Users\\ANIL KUMAR\\AppData\\Local\\Yarn\\bin;C:\\Users\\ANIL KUMAR\\AppData\\Roaming\\npm",
    "PATHEXT": ".COM;.EXE;.BAT;.CMD;.VBS;.VBE;.JSE;.WSF;.WSH;.MSC",
    "Platform": "MCD",
    "platformcode": "KV",
    "PROCESSOR_ARCHITECTURE": "x86",
    "PROCESSOR_ARCHITEW6432": "AMD64",
    "PROCESSOR_IDENTIFIER": "Intel64 Family 6 Model 61 Stepping 4, GenuineIntel",
    "PROCESSOR_LEVEL": "6",
    "PROCESSOR_REVISION": "3d04",
    "ProgramData": "C:\\ProgramData",
    "ProgramFiles": "C:\\Program Files (x86)",
    "ProgramFiles(x86)": "C:\\Program Files (x86)",
    "ProgramW6432": "C:\\Program Files",
    "PROMPT": "$P$G",
    "PSModulePath": "C:\\Windows\\system32\\WindowsPowerShell\\v1.0\\Modules\\",
    "PUBLIC": "C:\\Users\\Public",
    "SESSIONNAME": "Console",
    "SystemDrive": "C:",
    "SystemRoot": "C:\\Windows",
    "TEMP": "C:\\PROGRA~1\\Java\\JRE18~1.0_1\\bin",
    "TERM_PROGRAM": "vscode",
    "TERM_PROGRAM_VERSION": "1.46.1",
    "TMP": "C:\\Users\\ANILKU~1\\AppData\\Local\\Temp",
    "UOIPME_REG_PATH": "C:\\Program Files\\Intel Corporation\\USB over IP",
    "USERDOMAIN": "user",
    "USERDOMAIN_ROAMINGPROFILE": "user",
    "USERNAME": "ANIL KUMAR",
    "USERPROFILE": "C:\\Users\\ANIL KUMAR",
    "VSCODE_GIT_ASKPASS_MAIN": "c:\\Users\\ANIL KUMAR\\AppData\\Local\\Programs\\Microsoft VS Code\\resources\\app\\extensions\\git\\dist\\askpass-main.js",
    "VSCODE_GIT_ASKPASS_NODE": "C:\\Users\\ANIL KUMAR\\AppData\\Local\\Programs\\Microsoft VS Code\\Code.exe",
    "VSCODE_GIT_IPC_HANDLE": "\\\\.\\pipe\\vscode-git-84165e2900-sock",
    "WEBPACK_DEV_SERVER": "true",
    "windir": "C:\\Windows",
    "_prog": "node"
  },
  "sharedObjects": [
    "C:\\Program Files (x86)\\nodejs\\node.exe",
    "C:\\Windows\\SYSTEM32\\ntdll.dll",
    "C:\\Windows\\SYSTEM32\\KERNEL32.DLL",
    "C:\\Windows\\SYSTEM32\\KERNELBASE.dll",
    "C:\\Windows\\SYSTEM32\\dbghelp.dll",
    "C:\\Windows\\SYSTEM32\\WS2_32.dll",
    "C:\\Windows\\SYSTEM32\\ADVAPI32.dll",
    "C:\\Windows\\SYSTEM32\\USER32.dll",
    "C:\\Windows\\SYSTEM32\\IPHLPAPI.DLL",
    "C:\\Windows\\SYSTEM32\\PSAPI.DLL",
    "C:\\Windows\\SYSTEM32\\USERENV.dll",
    "C:\\Windows\\SYSTEM32\\CRYPT32.dll",
    "C:\\Windows\\SYSTEM32\\bcrypt.dll",
    "C:\\Windows\\SYSTEM32\\WINMM.dll",
    "C:\\Windows\\SYSTEM32\\msvcrt.dll",
    "C:\\Windows\\SYSTEM32\\NSI.dll",
    "C:\\Windows\\SYSTEM32\\RPCRT4.dll",
    "C:\\Windows\\SYSTEM32\\sechost.dll",
    "C:\\Windows\\SYSTEM32\\GDI32.dll",
    "C:\\Windows\\SYSTEM32\\WINNSI.DLL",
    "C:\\Windows\\SYSTEM32\\profapi.dll",
    "C:\\Windows\\SYSTEM32\\MSASN1.dll",
    "C:\\Windows\\SYSTEM32\\WINMMBASE.dll",
    "C:\\Windows\\SYSTEM32\\SspiCli.dll",
    "C:\\Windows\\SYSTEM32\\cfgmgr32.dll",
    "C:\\Windows\\SYSTEM32\\DEVOBJ.dll",
    "C:\\Windows\\SYSTEM32\\CRYPTBASE.dll",
    "C:\\Windows\\SYSTEM32\\bcryptPrimitives.dll",
    "C:\\Windows\\system32\\IMM32.DLL",
    "C:\\Windows\\SYSTEM32\\MSCTF.dll",
    "C:\\Windows\\SYSTEM32\\powrprof.dll",
    "C:\\Windows\\system32\\uxtheme.dll",
    "C:\\Windows\\SYSTEM32\\combase.dll",
    "C:\\Windows\\system32\\mswsock.dll",
    "C:\\Windows\\SYSTEM32\\dhcpcsvc6.DLL",
    "C:\\Windows\\SYSTEM32\\dhcpcsvc.DLL",
    "C:\\Windows\\system32\\napinsp.dll",
    "C:\\Windows\\system32\\pnrpnsp.dll",
    "C:\\Windows\\system32\\NLAapi.dll",
    "C:\\Windows\\SYSTEM32\\DNSAPI.dll",
    "C:\\Windows\\System32\\winrnr.dll",
    "C:\\Program Files (x86)\\Bonjour\\mdnsNSP.dll",
    "C:\\Windows\\system32\\wshbth.dll"
  ]
}